Recipient(s),1990,1991,1992,1993,1994,1995,1996,1997,1998,1999,2000,2001,2002,2003,2004,2005,2006,2007,2008,2009,2010,2011,2012,2013,2014
Afghanistan,121.72,507.53,204.9,223.8,226.42,212.53,169.63,230.75,164.2,142.86,136.01,410.36,1309.77,1593.67,2311.49,2837.62,2961.67,4964.72,4875.67,6235.4,6471.94,6865.89,6666.89,5262.38,4823.29
Albania,11.05,331.95,409.64,270.68,163.1,180.6,226.55,168.11,268.62,488.15,317.85,268.53,307.42,354.5,299.95,319.14,321.78,307.19,363.27,356.96,364.19,380.98,350.29,269.4,280.05
Algeria,331.65,211.17,372.46,324.47,293.65,293.9,305.04,247.81,419.73,137.83,199.62,198.68,189.96,238.12,316.2,346.61,239.91,394.3,325.05,317.51,198.36,190.65,144.5,200.67,157.67
Angola,265.77,277.08,343.59,289.39,447.07,416.42,459.31,354.66,335.27,387.54,302.21,282.73,414.03,493.73,1144.46,414.57,163.52,247.67,368.82,238.71,236.94,192.75,241.4,282.71,231.28
Anguilla,3.82,6.29,4.76,4.7,6.55,3.36,2.56,2.57,3.05,2.4,3.52,3.54,0.73,3.95,2.69,4.01,4.42,5.27,3.35,1.4,8.27,0.3,5.04,7.63,..
Antigua and Barbuda,4.61,7.23,4.67,3,4.16,2.27,3.87,4.3,9.88,10.74,9.79,8.54,13.47,6.16,1.63,7.79,3.28,7.38,8.75,5.64,19.07,15.35,2.35,1.82,2.08
Argentina,168.74,273.68,263.88,226.24,146.22,142.56,130.78,102.01,79.06,76.56,52.49,145.56,81.52,106.64,91.34,96.18,115.08,101.34,130.58,126.73,121.04,88.7,179.5,32.5,49.19
Armenia,..,2.72,22.45,109.46,191.27,217.59,292.16,166.1,194.2,209.18,215.89,211.63,299.59,253.8,253.41,170.34,215.51,350.02,302.64,525.98,342.27,396.94,271.16,278.96,265.34
Aruba,29.98,24.97,29.98,24.86,18.26,25.8,19.53,25.07,11.26,+AC0-7.38,..,..,..,..,..,..,..,..,..,..,..,..,..,..,..
Azerbaijan,..,0.3,7.43,23.87,149.04,119.54,96.36,184.06,120.25,169.42,139.12,229.76,349.31,300.7,175.76,216.51,206.39,225.21,235.15,231.79,160.14,286.59,284.6,+AC0-73.37,215.18
Bahamas,3.15,2.76,2.7,1.03,0.87,4.26,..,..,..,..,..,..,..,..,..,..,..,..,..,..,..,..,..,..,..
Bahrain,137.5,94.7,80.11,111.43,95.79,99.87,132.32,150.28,199.72,61.88,60.43,70.81,61.58,131.77,58.22,..,..,..,..,..,..,..,..,..,..
Bangladesh,2092.76,1880.24,1818.39,1383.26,1742.89,1281.74,1228.07,1012.36,1162.86,1219.43,1172.84,1043.74,906.25,1394.89,1413.85,1318.85,1221.18,1515.24,2070.63,1225.82,1403.93,1492.17,2148.26,2628.88,2417.99
Barbados,2.63,2.12,0.03,3.6,1.02,+AC0-1.16,4.23,4.32,15.66,+AC0-2.13,0.24,+AC0-1.15,3.31,19.88,28.81,+AC0-1.81,+AC0-2.08,17.51,7.12,11.96,16.2,..,..,..,..
Belarus,..,..,..,..,..,..,..,..,..,..,..,..,..,..,..,57.81,76.52,83.76,110.42,97.66,138.68,120.23,103.09,105.54,119.63
Belize,30.32,21.77,25.56,30.51,31.57,18.23,20.63,14.06,15.19,46.06,14.66,22.17,22.38,11.78,7.58,12.17,8.63,21.77,23.86,27.56,24.53,22.03,25.18,49.89,36.02
Benin,266.88,265.66,269.04,287.26,255.88,280.06,287.79,220.65,205.15,210.88,243.45,277.89,219.04,299.82,393.8,346.93,399.32,474.37,641.48,682.05,690.44,672.71,508.91,659.92,600.45
Bermuda,42.19,+AC0-4.72,+AC0-5,+AC0-4.82,+AC0-12.48,+AC0-2.08,+AC0-4.07,..,..,..,..,..,..,..,..,..,..,..,..,..,..,..,..,..,..
Bhutan,46,61.41,54.16,63.15,73.1,71.22,57.42,65.58,55.78,66.82,53.09,60.48,73.58,77.34,77.97,90.05,101.54,89.83,86.53,125.38,130.49,142.62,161.28,134.34,129.77
Bolivia,545.44,502.89,666.93,558.99,561.28,711.46,827.5,697.75,633.05,578.55,481.71,743.72,689.33,938.41,785.44,643.06,849.97,475.81,627.87,725.25,715.19,721.58,658.4,700,671.84
Bosnia and Herzegovina,0.01,0.01,15.69,70.24,408.57,965.8,851.81,862.05,914.97,1286.24,737.93,640.08,555.78,541.92,686.22,548.52,534.98,599.49,467.02,414.32,508.16,626.51,570.87,522.19,631.96
Botswana,145.22,131.07,111.26,129.9,85.18,89.54,74.45,121.5,106.25,60.89,30.62,29.17,37.19,27.85,50.18,47.98,68.81,107.67,720.26,279.16,153.47,118.49,72.88,107.32,99.64
Brazil,151.06,161.56,+AC0-257.79,199.83,251.34,271.31,270.08,259.86,282.22,123.1,231.37,219.53,207.73,198.28,154.38,243.07,113.43,321.2,460.36,336.93,449.64,812.19,1280.87,1144.65,911.56
British Virgin Islands,5.57,6.02,5.44,3.31,10.98,1.43,1.21,1.87,1.17,2.56,..,..,..,..,..,..,..,..,..,..,..,..,..,..,..
Brunei Darussalam,3.88,3.62,5.37,5.07,5.26,4.29,..,..,..,..,..,..,..,..,..,..,..,..,..,..,..,..,..,..,..
Burkina Faso,326.53,419.65,433.38,468.49,432.6,489.95,418.74,368.46,399.96,398.6,179.78,405.94,439.76,540.95,642.56,693.37,901.48,950.4,1001.16,1082.01,1044.28,981.94,1142.39,1043.72,1119.91
Burundi,262.55,256.4,309.28,216.95,311.11,286.95,110.52,56.4,68.75,74.92,93.12,139.14,171.99,227.76,364.04,363.96,430.89,479,522.24,561.37,629.44,570.44,521.31,556,501.75
Cabo Verde,105.28,102,116.48,114.96,119.67,115.73,116.46,110.83,129.59,135.62,93.71,77.2,91.52,147.22,143,162.22,138.46,165.17,221.78,195.6,327.5,251.62,245.54,244.71,230.02
Cambodia,41.31,89.71,200.52,300.51,313.35,551,416.53,335.33,337.44,277.22,395.72,420.88,485.24,518.31,485.37,535.6,529.37,674.58,742.84,721.44,733.12,795.35,807.43,805.36,799.37
Cameroon,444.38,516.26,714.78,543.72,730.08,442.8,410.19,498.77,497.31,434.29,376.73,457.76,605.85,885.98,790.66,413.93,1718.93,1926.29,548.59,648.34,540.92,611.37,596.19,747.85,852.29
Cayman Islands,2.99,+AC0-0.29,0,+AC0-0.46,+AC0-1.02,+AC0-0.57,+AC0-2.03,..,..,..,..,..,..,..,..,..,..,..,..,..,..,..,..,..,..
Central African Republic,248.89,173.44,177.65,171.74,167.56,167.78,168.63,91,119.95,118.09,75.28,76.39,60.24,51.25,109.83,88.9,133.66,176.92,257.28,242.03,260.99,268.78,227.25,202.08,610.36
Chad,310.58,262.31,236.7,223.47,212.29,235.02,295.78,227.86,174.37,187.85,131.29,188.56,229.54,253.55,337.66,384.54,289.25,359.1,421.72,560.73,490.66,458.05,472.35,457.78,388.34
Chile,103.54,120.86,131.29,173.63,150.08,156.55,195.36,128.92,106.33,69.9,48.88,75.27,+AC0-7.34,85.69,54.37,167.34,101.39,104.9,107.85,78.72,197.38,164.29,124.98,79.14,240.56
China (People's Republic of),2032.37,1932.58,2993.63,3206.88,3138.61,3470.67,2640.04,2047.39,2438.57,2379.25,1711.75,1549.03,1496.78,1358.55,1715.75,1814.3,1247.87,1487.94,1479.51,1129.47,645.37,+AC0-608.35,+AC0-192.95,+AC0-671.75,+AC0-959.96
Chinese Taipei,36.34,3.48,5.93,7.41,6.24,0.22,15.78,..,..,..,..,..,..,..,..,..,..,..,..,..,..,..,..,..,..
Colombia,88.54,113.39,231.64,83.44,74.37,168.93,186.86,194.09,167.08,301.61,185.94,384.36,438.4,800.37,514.75,620.52,1005.24,722.78,972.01,1059.45,674.7,1013.78,762.97,854.09,1221.31
Comoros,44.88,63.3,47.87,48.62,38.7,41.6,38.71,29.67,40.09,21.45,18.71,27.56,27.58,24.54,26.32,22.82,31.88,44.98,41.64,50.45,67.22,51.92,68.67,79.01,73.97
Congo,217.16,133.27,112.89,122.36,361.85,124.86,429.29,268.59,64.91,140.35,32.04,73.78,57.66,69.15,115.48,1425.48,258.3,118.71,485,283.28,1315.1,261.01,139.25,150.79,105.67
Cook Islands,12.14,13.28,17.07,12.51,14.24,13.04,11.27,10.05,8.08,5.95,4.31,4.8,3.77,5.99,8.99,7.75,32.27,9.31,5.62,7.38,13.44,27.64,21.21,15.88,26.65
Costa Rica,226.98,174.06,140.28,98.99,74.75,29.67,+AC0-12.83,+AC0-7.95,17.09,+AC0-9.86,9.62,0.37,+AC0-0.34,29.03,12.77,25.82,31.71,57.95,66.12,108.57,93.95,35.74,28.32,33.31,53.52
Cote d'Ivoire,686.4,629.9,755.7,763.03,1593.1,1211.84,964.17,446.32,967.08,447.36,350.57,185.91,1067.72,253.67,160.52,91.21,247.14,171.08,625.67,2401.6,844.62,1435.38,2635.33,1271.74,922.47
Croatia,..,..,0.01,..,109.66,53.28,133.31,40.36,39.38,48.47,65.51,123.81,142.72,120.7,119.66,123.46,203.82,162.91,241.58,168.83,131.55,..,..,..,..
Cuba,51.81,36.93,24.4,43.5,46.72,63.23,56.82,65.33,80.08,58.49,43.99,53.7,63.68,75.02,103.54,88.38,93.71,92.8,127.48,115.07,129.13,87.07,87.81,101.08,261.69
Cyprus,38.43,39.76,26.17,33.8,44.03,21.43,22.58,..,..,..,..,..,..,..,..,..,..,..,..,..,..,..,..,..,..
Democratic People's Republic of Korea,7.73,8.62,10.59,14.06,5.66,13.48,25.57,88.28,105.11,200.78,73.3,117.64,264.77,130.99,161.13,87.56,54.65,99.29,206.19,65.22,78.83,118.59,98.13,109.27,153.44
Democratic Republic of the Congo,895.79,475.28,268.52,177.82,244.81,194.75,166.11,157.61,125.46,133.97,177.12,245.37,1174.98,5416.99,1919.01,1881.7,2197.28,1356.71,1765.97,2356.85,3480.78,5525.2,2847.08,2583.5,2398.2
Djibouti,207.01,107.16,112.19,134.43,128.57,105.37,96.89,85.46,80.98,75.05,72.14,59.3,74.1,79.51,64.14,74.12,115.25,112.61,140.82,166.71,130.99,140.53,148.56,147.8,162.59
Dominica,19.64,17.63,12.7,8.91,19.59,25,43.13,14.56,19.26,9.84,15.19,19.69,29.6,11.17,29.44,21.12,19.51,19.41,22.21,35.95,32.45,24.62,25.66,20.02,15.6
Dominican Republic,101.66,67.72,65.58,+AC0-1.86,61.27,119.36,99.51,71.01,118.23,189.64,56,106.86,144.96,68.86,84.53,80.63,53.8,123.12,155.97,119.07,175.06,225.78,261,147.08,166.98
East African Community,..,..,+AC0-0.26,..,..,..,..,..,..,..,..,..,..,..,..,..,..,..,..,..,..,..,..,..,..
Ecuador,159.32,237.47,239.78,233.19,209.46,222.86,250.19,152.02,176.35,148.23,146.14,183.57,219.97,174.93,153.29,225.81,187.77,217.29,230.61,207.85,147.24,161.02,147.9,147.15,160.38
Egypt,6056.93,5410.53,3742.41,2486.92,2694.93,2029.9,2193.98,2016.31,1970.33,1625.03,1371.15,1308.21,1318.24,1020.33,1556.35,1036.47,898.74,1132.78,1742.32,1000.03,589.14,416.42,1806.75,5508.16,3532.17
El Salvador,347.3,294.92,403.72,399.46,305.12,295.96,300.77,278.54,180.94,183.09,179.66,237.52,233.29,192.15,216.4,204.46,162.92,88.07,233.35,275.96,280.35,277.75,220.37,169.1,97.95
Equatorial Guinea,60.23,62.18,61.82,52.66,29.73,33.4,30.82,23.79,22.06,20.14,21.27,13.24,20.15,20.93,29.15,38.13,26.21,31.36,32.08,31.49,84.71,24.3,14.2,4.34,0.57
Eritrea,4.5,..,1,67.71,154.15,148.29,157.49,123.32,167.31,148.68,177.02,283.7,225.79,316.97,264.9,349.22,125.8,158.37,143.48,143.69,160.59,132.96,133.79,80.94,83.32
Ethiopia,1009.25,1091.87,1162.51,1080.73,1063.09,876.49,816.01,578.35,660.17,643.11,687.22,1103.13,1324.38,1626.43,1828.37,1927.83,2033.56,2558.42,3328.7,3818.83,3452.5,3492.89,3220.63,3884.86,3585.11
Falkland Islands (Malvinas),..,..,..,..,..,..,..,..,..,..,..,..,..,..,..,..,..,..,..,..,..,..,..,..,..
Fiji,49.58,44.81,63.42,61.22,40.61,44.4,46.79,44.44,36.82,34.87,29.12,25.93,34.42,51.12,65.56,66.14,55.65,50.81,45.25,70.99,76.49,78.8,107.34,91.24,91.98
Former Yugoslav Republic of Macedonia,..,..,..,3.32,104.26,78.8,105.39,98.28,104.91,276.83,250.19,247.2,273.53,265.73,263.44,227.3,205.25,200.73,204.71,192.47,192.83,194.51,149.69,197.23,210.77
French Polynesia,259.66,311.47,326.79,333.49,367.91,450.93,404.07,367.39,370.37,351.5,..,..,..,..,..,..,..,..,..,..,..,..,..,..,..
Gabon,131.23,142.71,68.31,100.66,180.83,143.54,126.31,38.83,44.56,47.61,11.66,8.53,71.66,+AC0-10.57,39.87,60.43,29.05,51.14,62.05,77.21,103.98,73.32,73.2,89.64,111.37
Gambia,97.26,99.54,108.84,84.9,68.89,45.43,36.06,38.77,39.32,34.22,49.64,52.86,65.55,62.95,60.85,60.45,74.94,97.2,93.95,127.48,119.97,134.54,138.74,115.26,99.68
Georgia,..,0.21,20.35,104.78,177.32,209.06,309.37,241.88,208.52,244.34,169.15,291.35,314.44,230.01,313.42,292.09,356.14,379.65,888.39,907.7,627.77,587.95,660.45,647.27,562.79
Ghana,559.72,878.63,612.78,625.82,546.28,648.43,649.83,493.62,701.55,607.78,598.17,640.62,686.2,983.45,1418.69,1150.69,1243.24,1165.21,1306.93,1581.82,1690.2,1800.23,1798.55,1330.03,1126.43
Gibraltar,0.56,2.57,3.14,+AC0-0.01,0.57,0.21,+AC0-0.24,0.37,0.22,0.03,..,..,..,..,..,..,..,..,..,..,..,..,..,..,..
Grenada,13.8,16.45,12.93,7.87,23.61,10.82,11.85,8.88,6.22,10.29,16.5,10.99,10.12,10.78,15.64,52.5,26.74,23.05,33.1,47.81,33.84,12.23,7.65,11.16,39.3
Guatemala,201.37,196.43,195.73,212.43,218.2,208.41,192.34,264.41,233.4,293.14,263.13,234.3,249.55,246.78,217.12,256.59,484.29,454.38,536.03,375.58,389.06,379.27,303.24,495.21,276.99
Guinea,291.58,377.52,447.28,410.28,358.23,415.92,298.06,381.27,359.38,237.64,152.93,288.85,253.86,254.33,278.53,198.18,169.56,228.02,328.3,214.34,217.79,203.63,339.61,472.58,560.99
Guinea+AC0-Bissau,126.35,112.82,107.3,94.53,174.36,117.6,180.77,124.35,95.83,52.42,81.07,60.7,60.04,150.44,76.39,66.03,87.02,122.32,133.78,146.55,125.39,119.68,78.87,104.07,108.77
Guyana,168.31,129.38,89.84,106.33,81.31,85.69,141.8,264.63,92.89,87.17,115.84,112.14,71.83,96.06,145.14,149.93,174.32,127.85,166.28,173.35,166.83,157.91,114.21,101.52,159.29
Haiti,167.39,177.29,100.98,120.65,599.84,722.22,367.31,324.97,406.97,262.8,207.81,170.33,155.77,212.77,298.58,425.59,581.6,701.59,912.06,1119.66,3036.01,1689.85,1271.65,1151.55,1083.5
Honduras,448.49,301.7,373.39,336.17,292.45,402.38,356.03,296.37,316.38,815.59,448.29,657.07,421.12,393.77,657.92,690.05,594.36,464.34,564.33,456.05,633.22,619.3,568.25,627.28,603.89
+ACI-Hong Kong, China+ACI-,38.16,36.07,+AC0-39,30.27,26.87,17.73,13.2,..,..,..,..,..,..,..,..,..,..,..,..,..,..,..,..,..,..
India,1398.93,2736.23,2422.85,1462.16,2317.38,1729.41,1892.51,1641.27,1604.15,1483.59,1372.84,1732.09,1757.87,729.78,774.02,1875.79,1384.3,1390.5,2117.07,2500.39,2811.78,3245.19,1667.24,2435.28,2983.56
Indonesia,1715.86,1824.48,1969.23,1931.72,1548.42,1301.19,1070.62,805.52,1254.14,2122.66,1653,1464.81,1304.65,1771.57,131.87,2533.99,1318.32,903.87,1230.62,1046.53,1389.57,404.8,64.62,64.77,+AC0-388.22
Iran,106.45,193.4,105.7,140.08,129.64,186.54,164.1,200.13,164.33,161.26,129.87,115.53,114.52,130.33,190.75,108.98,115.83,102.36,98.39,92.13,121.19,103.28,148.89,129.41,80.53
Iraq,63.09,552.48,138.1,168.7,253.5,332.77,349.74,221.93,117.76,76.79,101.83,122.7,113.38,2287.65,4650.65,22057.09,8889.32,9204.34,9884.53,2791.1,2178.33,1914.69,1300.72,1540.75,1369.83
Israel,1371.89,1749.46,2065.77,1266.17,1237.18,335.59,2216.76,..,..,..,..,..,..,..,..,..,..,..,..,..,..,..,..,..,..
Jamaica,270.62,159.42,118.27,99.73,114.57,107.74,57.75,71.22,18.57,+AC0-22.49,8.56,54,24.02,6.52,82.63,39.59,37.19,28.08,85.81,149.3,140.99,38.99,26.62,70.22,92.29
Jordan,951.66,939.31,425.27,309.58,372.55,539.15,506.9,472.56,412.45,433.74,552.72,449.42,563.15,1325.8,603.01,708.45,572.57,640.23,737.9,740.37,951.25,970.98,1157.29,1402.71,2699.07
Kazakhstan,..,111.5,12.07,15.35,53.27,64.83,124.45,141.15,223.26,174.98,189.19,157,187.42,293.86,267.76,228.88,174.3,210.82,335.41,297.52,226.38,201.43,128.66,88.21,88.43
Kenya,1181.29,916.46,883.14,914.39,676.63,731.85,595.02,448.6,415.21,310.47,512.72,471.23,392.81,523,660.24,759.2,946.7,1326.78,1365.96,1776.2,1624.65,2480.6,2653.03,3311.62,2665.12
Kiribati,20.22,19.8,26.54,15.73,15.28,15.34,12.8,15.68,17.31,20.86,17.87,12.43,20.88,18.97,16.71,27.99,26.86,26.96,27.1,27.14,22.82,63.99,64.66,64.58,79.11
Korea,52,54.13,+AC0-3.1,+AC0-35.11,+AC0-114.23,57,+AC0-148.9,+AC0-159.65,+AC0-50.37,+AC0-55.1,..,..,..,..,..,..,..,..,..,..,..,..,..,..,..
Kosovo,..,..,..,..,..,..,..,..,..,..,..,..,..,..,..,..,..,..,..,782.13,527.52,583.18,566.74,568.55,579.52
Kuwait,12.86,11.76,6.53,2.03,4.47,4.23,..,..,..,..,..,..,..,..,..,..,..,..,..,..,..,..,..,..,..
Kyrgyzstan,..,..,21.08,95.01,173.5,284.67,230.45,239.55,239.45,283.13,214.71,187.94,185.61,200.1,261.37,267.88,310.55,274.45,359.94,313.38,381.71,524.74,471.64,536.4,624.09
Lao People's Democratic Republic,149.07,139.75,162.64,200.03,214.2,306.91,331.01,328.68,275.43,294.36,280.64,244.84,278.48,301.06,269.9,301.94,363.71,396.12,495.59,418.98,413.77,397.92,408.82,421.04,472.39
Lebanon,285.68,125.24,110.17,140.37,228.03,191.29,234.63,260.59,340.18,193.96,200.01,198.42,203.27,534.38,265.75,230.48,819.04,978.97,1069.87,580.29,447.68,476.34,711.51,621.01,819.62
Lesotho,139.13,123.31,143.16,143.06,115.62,112.65,103.21,91.34,61.17,31.02,36.67,55.12,76.8,78.87,98.04,67.49,70.62,128.79,143.8,122.39,255.92,256.58,274.49,319.59,103.61
Liberia,113.74,157.63,119.6,122.33,63.4,123.1,172.67,75.69,71.99,93.95,67.42,38.48,55.16,106.94,213.25,222.49,260.45,701.39,1250.99,512.57,1412.79,761,565.87,535.08,744.33
Libya,8.34,7.49,3.28,2.87,3.95,5.84,3.77,3.98,5.55,4.7,..,..,..,..,..,23.77,37.51,19.41,74.2,41.06,8.54,641.1,87.09,128.85,210.3
+ACI-Macau, China+ACI-,0.23,0.12,0.13,0.18,0.29,+AC0-4.01,0.32,0.36,0.5,0.32,..,..,..,..,..,..,..,..,..,..,..,..,..,..,..
Madagascar,396.96,455.11,361.55,361.22,288.14,299.41,354.69,833,480.5,358.1,320.2,370.25,373.96,546.33,1262.75,913.02,781.58,894.07,842.55,443.96,472.21,444.52,375.27,499.08,583.14
Malawi,500.36,549.57,577.04,496.34,470.14,434.14,491.54,343.94,434.52,446.62,446.11,409.43,378.14,518.13,505.61,573.35,722.8,743.95,923.63,771.39,1014.7,796.93,1168.52,1129.55,930.19
Malaysia,468.49,289.29,203.7,95.22,66.14,108.1,+AC0-456.76,+AC0-240.51,201.73,144.46,45.67,30.7,86.77,106.68,305.81,26.15,238.71,200.13,154.51,142.96,2.05,38.33,15.37,+AC0-119.76,11.92
Maldives,20.86,32.2,36,29.34,29.72,57.75,32.11,25.9,25,30.68,19.15,24.77,27.46,23.24,28.23,75.82,37.52,37.47,54.39,33.2,110.75,53.32,56.53,21.19,24.78
Mali,479.17,449.68,429.69,369.46,439.65,539.91,489.67,428.75,346.7,354.27,288,351.81,424.97,559.19,587.84,721.32,865.79,1018.68,964.09,984.39,1088.92,1267.39,993.85,1397.79,1233.55
Malta,5.31,21.8,4.63,30.87,42.49,9.21,72.17,22.39,21.87,25.1,21.24,1.7,11.04,..,..,..,..,..,..,..,..,..,..,..,..
Marshall Islands,..,0.28,7.68,32.25,49.36,38.88,72.94,62.93,50.33,62.9,57.23,74.01,62.64,56.82,51.09,56.79,55.04,52.12,53.22,58.7,32.31,82.59,84.01,93.91,55.76
Mauritania,236.18,217.4,199.62,337.44,268.54,229.83,271.87,238.59,165.61,222.45,223.46,282.84,363.69,260.66,194.53,188.7,225.61,347.23,452.16,373.47,370.45,380.69,408.12,293.44,257.14
Mauritius,88.29,67.32,45.03,26.08,14.14,23.12,19.39,41.7,40,41.45,20.21,21.03,23.6,+AC0-14.13,33.39,34.61,19.22,68.87,109.67,154.97,125.27,187.06,177.89,148.45,48.93
Mayotte,60.51,72.16,74.73,83.32,104.67,107.75,129.69,104.25,104.37,111.75,103.19,120.19,124.88,166.04,208.45,201.34,337.64,407.24,475.53,544.26,603.85,..,..,..,..
Mexico,156.25,274.18,313.9,420.58,424.14,384.14,284.83,99.7,19.1,35.95,+AC0-57.78,118.05,125.15,123.13,107.96,180.48,269.81,113.39,149.14,184.46,470.48,970.23,416.73,561.46,806.7
Micronesia,..,0.46,13.6,63.83,103.94,77.16,112.8,95.75,79.89,107.81,101.54,137.56,111.85,114.94,86.31,106.58,108.5,114.88,94.14,120.96,63.42,133.7,143.36,143.16,116.12
Moldova,..,..,..,..,..,..,..,65.29,39.63,107.11,122.5,124.76,142.61,122.3,118.51,169.11,229.73,266.29,298.17,243.64,471.83,461.2,473.45,347.03,517.4
Mongolia,13.05,70.64,122.78,122.87,183.07,209.02,199.97,250.96,203.71,222.26,216.96,213.61,207.8,252.05,257.96,219.59,205.14,238.68,246.66,371.22,301.12,349.6,444.01,427.27,314.63
Montenegro,..,..,..,..,..,..,..,..,..,..,..,..,..,8.14,20.13,3.86,95.59,105.65,104.86,75.03,79.58,126.64,103.74,117.98,101.9
Montserrat,8.35,9.32,7.25,9.79,12.82,9.47,14.42,42.75,65.65,40.91,30.94,33.01,43.53,36.59,44.46,27.8,32.37,36.33,34.74,44.08,25.75,46.64,40.26,54.87,39.99
Morocco,1241.09,1532.67,953.6,780,683.52,500.56,649.59,471.5,531.14,679.6,434.41,481.7,352.57,572.75,770.03,732.32,1102.18,1221.32,1451.18,1047.21,990.01,1434.71,1465.45,2004.04,2247.03
Mozambique,997.51,1065.1,1459.68,1175.53,1198.94,1062.39,885.73,947.14,1039.8,818.52,906.22,960.72,2219.27,1047.97,1242.86,1297.15,1639.3,1776.55,1996.38,2012.4,1941.11,2064.88,2073.99,2314.68,2103.44
Myanmar,160.77,177.01,113.98,100.15,167.07,150.16,38.92,49.38,72.14,81.05,105.64,125.67,119.03,125.02,123.45,144.83,145.71,195.89,534.46,355.83,354.79,380.05,504.22,3934.84,1380.08
Namibia,119.62,180.45,142.34,152.55,137.1,190.37,185.92,165.16,180.83,178.55,152.33,112.13,142.42,146.17,173.11,125.13,151.73,217.42,210.16,325.53,256.39,283.24,254.81,260.65,226.62
Nauru,0.16,0.38,0.41,0.42,11.12,2.53,3.25,2.62,2.12,6.55,4,7.26,11.72,16.14,13.9,9.26,17.4,25.56,31.24,24.01,27.78,37.79,35.73,28.78,21.99
Nepal,422.84,448.76,430.11,362.65,445.86,428.8,388.47,401.87,400.76,348.39,386.07,389.66,342.52,466.58,425.09,424.13,526.55,603.29,696.56,854.31,817.74,886.96,767.21,870.5,880.07
Netherlands Antilles,57.99,82.1,92.45,79.9,37.74,98.39,120.68,110.61,129.08,126.98,..,..,..,..,..,..,..,..,..,..,..,..,..,..,..
New Caledonia,302.41,310.68,357.98,394.73,408.43,451.21,396.14,338.82,338.39,314.51,..,..,..,..,..,..,..,..,..,..,..,..,..,..,..
Nicaragua,329.56,834.99,653.37,314.77,594.26,649.13,930.86,411.13,602.32,672.35,560.37,930.96,517.17,842.61,1240.23,763.37,740.21,840.1,740.72,772.63,662.33,692.34,531.76,496.54,430.36
Niger,387.59,369.56,356.71,338.52,372.95,272.39,252.06,333.15,292.14,187.07,209.09,259.05,300.45,479.82,547.59,522.15,544.41,544.3,612.29,469.29,738.8,644.64,889.5,796.81,917.84
Nigeria,255.08,258.32,258.82,288.42,189.66,210.96,188.75,199.75,203.15,151.8,173.7,176.17,297.93,308.22,576.94,6408.81,11428.02,1956.26,1290.16,1657.07,2057.8,1764.65,1911.66,2515.1,2476.18
Niue,7.16,9.41,4.71,4.61,6.95,8.24,6.72,5.32,4.08,4.13,3.2,3.43,4.69,9.15,14.27,21.09,8.96,14.77,18.04,8.97,15.19,20.91,20.13,18.3,13.66
Northern Mariana Islands,63.11,29.14,7.39,88.95,2.3,+AC0-0.7,+AC0-1.57,0.69,0.2,0.12,..,..,..,..,..,..,..,..,..,..,..,..,..,..,..
Oman,68.2,13.09,39.63,129.68,155.47,75.09,82.93,100.4,555.74,53.15,79.67,8.31,77.42,64.31,100.79,19.04,54.07,213.98,74.65,144.49,+AC0-21.61,..,..,..,..
Pakistan,1126.89,1419.82,1023.03,1061.39,1606.23,821.42,1037.77,900.69,1057.9,741.29,702.69,1942.9,2105.44,1072.01,1439.79,1614.61,2180.44,2269.57,1549.71,2769.06,3020.3,3497.51,2015.65,2191.01,3611.9
Palau,..,..,0.01,0.01,201.89,142.32,63.02,38.38,89.12,28.84,39.13,34.49,31.58,25.85,19.55,23.69,37.32,22.34,42.94,35.35,28.43,28.33,15.58,35.46,23.41
Panama,99.34,103.61,156.14,70.5,31.67,39.75,49.32,46.13,21.58,13.41,15.35,26.06,20.37,27.37,22.59,26.69,31.01,+AC0-135.01,28.54,65.01,125.99,110.79,50.62,7.3,+AC0-196.44
Papua New Guinea,412.4,398.39,445.17,306.01,322.94,370.26,381.3,346.35,361.51,215.97,275.15,202.85,205.87,220.22,268.34,266.91,278.89,324.45,302.14,411.7,511.4,611.34,668.8,656.54,577.33
Paraguay,57.19,145.39,98.13,128.69,95.11,139.34,88.48,108.14,76.67,78.06,81.55,61.38,56.77,51.24,22.44,50.65,55.97,107.95,133.54,147.79,120.11,92.82,102.91,128.57,60.18
Peru,397.08,610.52,405.58,563.82,333.69,370.94,327.72,393.17,497.87,444.71,396.84,450.64,488.48,516.89,463.45,450.48,463.44,307.03,463.02,441.17,+AC0-299.53,598.97,385.34,359.79,324.83
Philippines,1270.62,1050.25,1709.54,1480.32,1053.85,902.33,898.15,679.87,613.92,686.18,571.72,568.91,569.24,721.94,449.01,567.12,564.91,610.06,47.99,309.27,529.82,+AC0-183.58,+AC0-2.58,190.43,675.73
Qatar,2.97,2.88,2.92,3.77,3.22,3.74,..,..,..,..,..,..,..,..,..,..,..,..,..,..,..,..,..,..,..
Rwanda,287.92,359.16,348.93,353.91,711.75,694.7,465.31,229.67,350.07,373.08,321.46,304.88,362.92,335.24,490.11,577.4,603.07,722.57,933.51,933.59,1031.39,1262.53,878.82,1086.14,1033.96
Saint Helena,24.74,15.38,15.8,14.77,14.12,12.59,15.88,15.07,15.75,13.78,18.67,15.17,13.92,17.98,26.25,22.55,28.13,44.09,65.95,34.77,53.67,83.94,168.23,138.82,131.35
Saint Kitts and Nevis,8.12,7.51,8.07,10.77,6.21,3.9,6.83,7.23,6.6,4.67,3.9,10.13,28.1,0.16,0.04,2.5,5.16,3.44,46.8,5.13,11.42,16.05,21.91,29.32,..
Saint Lucia,12.31,23.12,27.12,25.63,31.5,48.22,38.58,25.46,6.1,25.63,10.98,16.52,33.26,15.43,+AC0-21.32,10.49,18.45,19.44,19.09,40.97,41.15,35.39,26.84,24.43,18.13
Saint Vincent and the Grenadines,15.37,15.93,18.13,13.69,12.62,47.64,26.32,5.9,20.5,16.33,6.18,8.12,4.57,6.48,10.62,7.69,4.73,65.85,26.86,30.76,16.85,17.87,8.56,7.81,9.22
Samoa,47.55,56.92,49.12,52.41,48.27,43.2,32.35,27.41,35.89,23.02,27.14,42.83,37.87,32.97,30.93,43.55,47.07,37.47,40.31,77.31,147.54,102.12,120.67,118.18,92.74
Sao Tome and Principe,54.12,51.01,56.43,46.49,49.93,84.09,47.4,33.42,28.06,27.52,34.89,38.36,25.92,37.98,33.63,32.44,22.93,51.09,47.33,30.51,49.3,72.39,48.79,51.78,38.58
Saudi Arabia,14.66,13.79,49.81,29.07,16.72,16.99,14.08,1.38,16.59,22.15,21.96,13.11,17.13,13.79,20.24,25.11,24.3,+AC0-131.07,..,..,..,..,..,..,..
Senegal,811.73,627.52,662.38,493.12,635.49,652.34,573.88,423.14,501.05,534.95,431.18,432.06,443.1,456.78,1069.65,697.98,865.04,869.72,1068.51,1016.23,936.93,1055.07,1073.49,992.33,1106.88
Serbia,..,..,..,..,49.22,95.06,69.51,97.36,108.23,707.4,1134.27,1304.18,2084.64,1320.18,1157.71,1066.36,1577.62,839.96,973.18,623.7,659.92,1379.78,1089.08,780.34,371.05
Seychelles,35.56,22.74,19.09,19.38,12.71,12.83,18.9,17.05,23.95,12.92,23.1,13.23,57.65,10.15,10.36,16.73,13.64,11.04,12.52,22.76,56.04,22.09,35.58,25.45,9.7
Sierra Leone,59.32,103.27,133.06,206.47,273.73,212.27,182.52,117.91,106.43,73.63,180.64,334.82,383.12,337.08,376.29,339.85,380.47,549.78,378.21,448.26,458.16,422.74,439.8,447.01,910.56
Singapore,+AC0-3.1,7.77,19.94,23.64,16.86,16.66,..,..,..,..,..,..,..,..,..,..,..,..,..,..,..,..,..,..,..
Slovenia,..,..,..,7.14,31.87,52.54,82.2,96.62,39.76,31.05,60.81,125.66,52.76,..,..,..,..,..,..,..,..,..,..,..,..
Solomon Islands,45.66,36.61,45.57,56.13,47.89,47.69,42.62,41.73,42.59,39.63,68.25,58.77,26.18,60.14,121.32,198.47,204.51,246.05,224.31,205.85,340.49,339.38,304.98,288.32,198.51
Somalia,514.81,186.42,653.66,892.12,535.12,187.93,88.18,81.18,81.32,115.7,102.23,149.3,152.72,176.18,201.28,240.22,396.17,393.74,765.87,661.64,505.68,1098.98,990.13,1054.25,1109.38
South Africa,..,..,..,270.45,293.08,386.17,362.34,495.59,512.98,540.44,486.37,425.35,511.24,655.68,629.09,690.2,714.99,807.49,1125.18,1074.54,1026.68,1395.36,1065.94,1295.44,1070.44
South Sudan,..,..,..,..,..,..,..,..,..,..,..,..,..,..,..,..,..,..,..,..,..,436.92,1186.68,1399.65,1964.19
Sri Lanka,728.34,889.08,639.61,664.05,600.85,553.8,486.3,330.79,424.3,261.98,275.22,341.35,343.2,671.76,506.38,1161.19,786.42,614.78,731.23,702.51,582.65,609.82,488.62,401.14,488.19
Sudan,848.24,867.11,536.31,447.6,407.99,237.03,217.7,138.54,210.85,245.71,224.65,192.05,304.86,620.46,994.48,1825.81,2048.37,2120.59,2566.43,2350.91,2028.24,1740.99,1365.93,1502.95,871.86
Suriname,61.13,43.56,79.7,78.83,60.13,76.72,109.07,76.18,58.82,35.02,34.33,23.19,11.59,10.86,23.89,44.17,64.22,150.87,101.5,157.04,104.45,89.92,39.6,30.05,12.62
Swaziland,53.63,52.92,56.01,54.21,57.78,57.75,33.05,28.28,34.8,28.99,13.13,29.15,22.3,40.09,24.89,46.65,34.78,50.67,69.89,56.03,91.14,123.89,88.15,116.03,85.86
Syrian Arab Republic,882.82,535.49,196.74,258.58,744.02,355.97,215.99,196.69,155.14,228.49,158.94,152.94,62.78,122.14,105.63,70.22,19.19,83.54,156.76,208.07,134.92,335.84,1671.57,3637.78,4198.01
Tajikistan,..,..,11.84,25.96,66.5,65.08,103.14,85.94,160.59,122.5,123.54,165.3,168.35,148.11,253.42,251.5,241.24,222.11,288.68,408.12,433.32,347.97,392.65,389.44,356.29
Tanzania,1163.15,1073,1334.08,944.43,963.57,871.05,867.21,943.85,1001.42,991.86,1063.92,1274.23,1269.84,1725.39,1772.41,1499.07,1883.29,2821.59,2331.46,2933.14,2956.5,2440.16,2823.45,3431,2647.98
Thailand,795.58,713.56,737.82,580.69,576.6,837.05,828.14,623.23,698.15,1013.58,696.63,280.36,293.32,+AC0-943.15,47.33,+AC0-167.66,+AC0-217.04,+AC0-310.99,+AC0-618.51,+AC0-77.76,+AC0-12.1,+AC0-137.6,+AC0-134.76,26.2,351.16
Timor+AC0-Leste,0.1,0.94,0.13,0.42,0.23,0.02,0.08,0.43,1.67,152.82,231.27,194.17,219.05,175.03,161.24,184.76,209.07,278.27,277.54,216.44,291.3,278.93,282.24,256.68,247.01
Togo,258.24,199.27,222.43,95.82,124.65,191.34,155.4,125.02,128.35,71.42,69.55,46.08,51.35,49.89,64.9,82.54,79.9,122.42,330.07,498.52,403.99,541.95,241.37,223.75,208.13
Tokelau,4.78,4.44,4.27,2.87,3,3.73,4.88,4.41,3.58,4.66,3.52,3.88,4.78,6.42,8.44,15.98,10.93,12.89,21.43,9.82,14.6,20.04,18.74,24.06,18.69
Tonga,29.75,19.29,23.7,31.23,35.16,38.84,32,27.52,24.68,21.19,18.82,20.27,22.59,27.85,19.36,31.98,21.49,30.86,25.71,39.24,70.42,93.61,78.26,81.15,79.9
Trinidad and Tobago,17.78,+AC0-2.21,7.46,1.43,21.14,24.86,16.5,33.03,13.78,26.2,+AC0-1.53,+AC0-1.73,+AC0-8.58,+AC0-2.9,+AC0-1.81,+AC0-1.98,13.82,20.8,9.29,6.84,4.33,..,..,..,..
Tunisia,392.54,354.46,387.99,243.2,104.79,74.4,125.87,194.2,149.89,252.29,221.73,365.35,220.87,299.76,352.31,362.42,431.37,321.19,374.96,502.79,550.42,922.06,1016.89,710.41,921.28
Turkey,1303.85,1610.03,356.27,446.71,197.33,312.54,245.06,5.74,28.09,10.46,326.93,131.62,279.1,164.61,285.32,396.02,565.74,792.14,1116.14,1361.52,1047.07,3288.44,3110.37,2842.76,3441.78
Turkmenistan,..,..,6.59,31.09,26.58,30.7,23.64,20.7,27.41,24.98,35.3,75.26,43.73,28.56,54.26,30.37,40.71,28.48,18.13,39.84,45.77,40.44,37.64,36.15,34.24
Turks and Caicos Islands,11.6,17.5,14.8,10.9,15.79,5.55,4.18,4.2,6.02,7.38,6.65,6.67,4.1,2.2,3.15,5.2,+AC0-0.42,15.39,..,..,..,..,..,..,..
Tuvalu,5.06,5.01,8.06,4.25,7.37,7.85,10.34,10.13,5.19,6.78,4.03,9.51,11.71,6.24,8,9.2,15.34,11.74,16.12,17.47,13.33,38.88,24.49,26.8,34.39
Uganda,663.1,663.28,723.72,609.19,751.17,833.16,673.69,813.05,655.38,605.03,853.28,822.19,725.39,997.65,1216.02,1192.16,1586.43,1737.3,1641.47,1784.7,1688.02,1572.81,1641.76,1700.74,1632.93
Ukraine,..,..,..,..,..,..,..,..,..,..,..,..,..,..,..,411.69,483.5,420.28,617.97,666.25,651.38,775.15,767.6,783.48,1403.68
United Arab Emirates,3.54,+AC0-7.66,+AC0-9.73,+AC0-10.17,+AC0-8.03,5.41,..,..,..,..,..,..,..,..,..,..,..,..,..,..,..,..,..,..,..
Uruguay,52.43,48.82,68.78,111.94,72.76,65.66,34.26,34.21,24.14,21.97,17.4,15.19,13.72,23.58,29.05,14.44,21.07,37.01,33.29,50.03,46.69,22.38,19.32,35.98,88.71
Uzbekistan,..,..,1.51,7.98,28.25,83.72,87.69,139.71,158.33,155.4,185.75,153.88,189.25,194.55,245.89,169.79,149.3,169.85,187.32,189.75,232.08,203.64,254.94,292.74,324.39
Vanuatu,49.53,52.24,39.83,34.98,41.72,45.58,31.07,27.16,40.64,37.21,45.8,31.71,27.48,32.81,38.74,39.48,48.79,56.69,92.27,103.19,108.25,90.68,101.42,90.89,98.39
Venezuela,76.36,28.11,33.39,40.75,26.2,43.32,37.78,8.92,42.28,44.23,76.06,44.68,56.53,81.11,44.91,50.3,62.93,77.76,59.22,66.34,52.57,46.47,48.06,35.16,40.63
Viet Nam,180.55,227.3,565.22,251.61,903.3,834.8,936,998.25,1177.33,1428.58,1681.36,1431.95,1280.22,1771.91,1846.31,1913.46,1844.54,2510.94,2551.93,3731.69,2939.09,3618.33,4113.88,4083.21,4217.86
Wallis and Futuna,0.93,1.51,0.78,0.01,0.06,0.95,1.56,0.55,47.28,50.4,52.14,50.33,52.73,55.5,72.8,72.03,102.38,117.11,130.53,117.67,127.44,130.12,120.01,105.53,99.52
West Bank and Gaza Strip,..,..,..,178.74,471.98,514.11,552.41,613.03,612.57,580.55,684.5,997.59,971.61,1041.84,1160.84,1015.71,1360.25,1717.11,2470.08,2826.68,2512.56,2434.74,2005.31,2601.34,2486.51
Yemen,449.83,296.35,253.77,313.18,171.14,171.23,251.71,353.66,393.08,459.14,311.28,370.39,216.75,243.8,266.43,296.53,287.41,242.56,429.61,557.85,666.52,476.24,709.22,1039.46,1164.22
Zambia,474.81,877.97,1030.78,866.92,715.13,2030.67,608.06,609.51,347.97,623.03,794.65,570.84,811.33,774.54,1130.47,1172.05,1467.54,1007.84,1116.24,1267.06,917.45,1033.87,955.4,1142.22,994.55
Zimbabwe,334.26,388.68,788.78,496.05,558.98,489.1,369.36,335.51,261.21,244.5,175.64,160.93,198.83,186.97,187.05,372.72,278.24,478.11,612.42,736.22,712.53,722.72,999.49,824.4,757.85
